{"UUID":"oaAeMVajDb9WWYytYpjSAv","layoutMainAxisSizing":null,"layoutCrossAxisSizing":null,"name":"Handyman App","isVisible":true,"boundaryRectangle":null,"style":null,"prototypeNodeUUID":null,"child":null,"constraints":null,"debug":false,"pngPath":"/usr/src/app/temp-out/pb-tmp-c0f4b3e8-edba-4a70-8333-d5a5d7b46553/salem/lib/assets/images","designSystem":{"UUID":"","layoutMainAxisSizing":null,"layoutCrossAxisSizing":null,"name":"material3","isVisible":false,"boundaryRectangle":null,"pbdlType":null,"style":null,"prototypeNodeUUID":"","child":null,"constraints":null,"textStyles":["bodyLarge","bodyMedium","bodySmall","displayLarge","displayMedium","displaySmall","headlineLarge","headlineMedium","headlineSmall","labelLarge","labelMedium","labelSmall","titleLarge","titleMedium","titleSmall"],"colorSchemes":[{"UUID":"","layoutMainAxisSizing":null,"layoutCrossAxisSizing":null,"name":"light","isVisible":false,"boundaryRectangle":null,"pbdlType":null,"style":null,"prototypeNodeUUID":"","child":null,"constraints":null,"supportedAttributes":["primary","onPrimary","primaryContainer","onPrimaryContainer","secondary","onSecondary","secondaryContainer","onSecondaryContainer","tertiary","onTertiary","tertiaryContainer","onTertiaryContainer","error","onError","errorContainer","onErrorContainer","background","onBackground","surface","onSurface","surfaceVariant","onSurfaceVariant","outline","shadow","inverseSurface","onInverseSurface","inversePrimary","surfaceTint"]},{"UUID":"","layoutMainAxisSizing":null,"layoutCrossAxisSizing":null,"name":"dark","isVisible":false,"boundaryRectangle":null,"pbdlType":null,"style":null,"prototypeNodeUUID":"","child":null,"constraints":null,"supportedAttributes":["primary","onPrimary","primaryContainer","onPrimaryContainer","secondary","onSecondary","secondaryContainer","onSecondaryContainer","tertiary","onTertiary","tertiaryContainer","onTertiaryContainer","error","onError","errorContainer","onErrorContainer","background","onBackground","surface","onSurface","surfaceVariant","onSurfaceVariant","outline","shadow","inverseSurface","onInverseSurface","inversePrimary","surfaceTint"]}]},"pages":[{"UUID":"0:1","layoutMainAxisSizing":null,"layoutCrossAxisSizing":null,"name":"Design System","isVisible":true,"boundaryRectangle":null,"style":null,"prototypeNodeUUID":null,"child":null,"constraints":null,"convert":true,"screens":[],"pbdlType":"page"},{"UUID":"1:10546","layoutMainAxisSizing":null,"layoutCrossAxisSizing":null,"name":"User App Screen ","isVisible":true,"boundaryRectangle":null,"style":null,"prototypeNodeUUID":null,"child":null,"constraints":null,"convert":true,"screens":[],"pbdlType":"page"},{"UUID":"1:16533","layoutMainAxisSizing":null,"layoutCrossAxisSizing":null,"name":"Components","isVisible":true,"boundaryRectangle":null,"style":null,"prototypeNodeUUID":null,"child":null,"constraints":null,"convert":true,"screens":[],"pbdlType":"page"},{"UUID":"1:48","layoutMainAxisSizing":null,"layoutCrossAxisSizing":null,"name":"Provider App Screen","isVisible":true,"boundaryRectangle":null,"style":null,"prototypeNodeUUID":null,"child":null,"constraints":null,"convert":true,"screens":[],"pbdlType":"page"},{"UUID":"1:7787","layoutMainAxisSizing":null,"layoutCrossAxisSizing":null,"name":"Handyman App Screen","isVisible":true,"boundaryRectangle":null,"style":null,"prototypeNodeUUID":null,"child":null,"constraints":null,"convert":true,"screens":[],"pbdlType":"page"}],"miscPages":[],"sharedStyles":[],"globalStyles":{"UUID":"","layoutMainAxisSizing":null,"layoutCrossAxisSizing":null,"name":"","isVisible":false,"boundaryRectangle":null,"style":null,"prototypeNodeUUID":null,"child":null,"constraints":null,"pbdlType":"global_styles","designSystem":"material3","colors":[{"UUID":"1:2","layoutMainAxisSizing":null,"layoutCrossAxisSizing":null,"name":"Title","isVisible":false,"boundaryRectangle":null,"style":null,"prototypeNodeUUID":null,"child":null,"constraints":null,"description":"","pbdlType":"global_color","color":{"a":1.0,"r":0.03921568766236305,"g":0.05882352963089943,"b":0.05098039284348488}},{"UUID":"1:3","layoutMainAxisSizing":null,"layoutCrossAxisSizing":null,"name":"Body","isVisible":false,"boundaryRectangle":null,"style":null,"prototypeNodeUUID":null,"child":null,"constraints":null,"description":"","pbdlType":"global_color","color":{"a":1.0,"r":0.4470588266849518,"g":0.4470588266849518,"b":0.4470588266849518}},{"UUID":"1:67","layoutMainAxisSizing":null,"layoutCrossAxisSizing":null,"name":"Heading","isVisible":false,"boundaryRectangle":null,"style":null,"prototypeNodeUUID":null,"child":null,"constraints":null,"description":"","pbdlType":"global_color","color":{"a":1.0,"r":0.10980392247438431,"g":0.12156862765550613,"b":0.20392157137393951}},{"UUID":"1:146","layoutMainAxisSizing":null,"layoutCrossAxisSizing":null,"name":"Body2","isVisible":false,"boundaryRectangle":null,"style":null,"prototypeNodeUUID":null,"child":null,"constraints":null,"description":"","pbdlType":"global_color","color":{"a":1.0,"r":0.42352941632270813,"g":0.4588235318660736,"b":0.4901960790157318}},{"UUID":"1:142","layoutMainAxisSizing":null,"layoutCrossAxisSizing":null,"name":"Background","isVisible":false,"boundaryRectangle":null,"style":null,"prototypeNodeUUID":null,"child":null,"constraints":null,"description":"","pbdlType":"global_color","color":{"a":1.0,"r":0.9647058844566345,"g":0.9686274528503418,"b":0.9764705896377563}},{"UUID":"1:65","layoutMainAxisSizing":null,"layoutCrossAxisSizing":null,"name":"Primary","isVisible":false,"boundaryRectangle":null,"style":null,"prototypeNodeUUID":null,"child":null,"constraints":null,"description":"","pbdlType":"global_color","color":{"a":1.0,"r":0.37254902720451355,"g":0.3764705955982208,"b":0.7254902124404907}},{"UUID":"1:66","layoutMainAxisSizing":null,"layoutCrossAxisSizing":null,"name":"White","isVisible":false,"boundaryRectangle":null,"style":null,"prototypeNodeUUID":null,"child":null,"constraints":null,"description":"","pbdlType":"global_color","color":{"a":1.0,"r":1.0,"g":1.0,"b":1.0}},{"UUID":"1:283","layoutMainAxisSizing":null,"layoutCrossAxisSizing":null,"name":"Border","isVisible":false,"boundaryRectangle":null,"style":null,"prototypeNodeUUID":null,"child":null,"constraints":null,"description":"","pbdlType":"global_color","color":{"a":1.0,"r":0.9215686321258545,"g":0.9215686321258545,"b":0.9215686321258545}},{"UUID":"1:211","layoutMainAxisSizing":null,"layoutCrossAxisSizing":null,"name":"main","isVisible":false,"boundaryRectangle":null,"style":null,"prototypeNodeUUID":null,"child":null,"constraints":null,"description":"","pbdlType":"global_color","color":{"a":1.0,"r":0.37254902720451355,"g":0.3764705955982208,"b":0.7254902124404907}},{"UUID":"1:284","layoutMainAxisSizing":null,"layoutCrossAxisSizing":null,"name":"black","isVisible":false,"boundaryRectangle":null,"style":null,"prototypeNodeUUID":null,"child":null,"constraints":null,"description":"","pbdlType":"global_color","color":{"a":1.0,"r":0.10980392247438431,"g":0.12156862765550613,"b":0.20392157137393951}},{"UUID":"1:301","layoutMainAxisSizing":null,"layoutCrossAxisSizing":null,"name":"bg","isVisible":false,"boundaryRectangle":null,"style":null,"prototypeNodeUUID":null,"child":null,"constraints":null,"description":"","pbdlType":"global_color","color":{"a":1.0,"r":0.42352941632270813,"g":0.4588235318660736,"b":0.4901960790157318}},{"UUID":"1:742","layoutMainAxisSizing":null,"layoutCrossAxisSizing":null,"name":"Border2","isVisible":false,"boundaryRectangle":null,"style":null,"prototypeNodeUUID":null,"child":null,"constraints":null,"description":"","pbdlType":"global_color","color":{"a":1.0,"r":0.9215686321258545,"g":0.9215686321258545,"b":0.9215686321258545}},{"UUID":"1:743","layoutMainAxisSizing":null,"layoutCrossAxisSizing":null,"name":"System Colors/SC L White","isVisible":false,"boundaryRectangle":null,"style":null,"prototypeNodeUUID":null,"child":null,"constraints":null,"description":"","pbdlType":"global_color","color":{"a":1.0,"r":1.0,"g":1.0,"b":1.0}},{"UUID":"1:7906","layoutMainAxisSizing":null,"layoutCrossAxisSizing":null,"name":"main2","isVisible":false,"boundaryRectangle":null,"style":null,"prototypeNodeUUID":null,"child":null,"constraints":null,"description":"","pbdlType":"global_color","color":{"a":1.0,"r":0.37254902720451355,"g":0.3764705955982208,"b":0.7254902124404907}},{"UUID":"1:10551","layoutMainAxisSizing":null,"layoutCrossAxisSizing":null,"name":"Border3","isVisible":false,"boundaryRectangle":null,"style":null,"prototypeNodeUUID":null,"child":null,"constraints":null,"description":"","pbdlType":"global_color","color":{"a":1.0,"r":0.9215686321258545,"g":0.9215686321258545,"b":0.9215686321258545}},{"UUID":"1:16535","layoutMainAxisSizing":null,"layoutCrossAxisSizing":null,"name":"Heading2","isVisible":false,"boundaryRectangle":null,"style":null,"prototypeNodeUUID":null,"child":null,"constraints":null,"description":"","pbdlType":"global_color","color":{"a":1.0,"r":0.10980392247438431,"g":0.12156862765550613,"b":0.20392157137393951}},{"UUID":"1:16536","layoutMainAxisSizing":null,"layoutCrossAxisSizing":null,"name":"Body3","isVisible":false,"boundaryRectangle":null,"style":null,"prototypeNodeUUID":null,"child":null,"constraints":null,"description":"","pbdlType":"global_color","color":{"a":1.0,"r":0.42352941632270813,"g":0.4588235318660736,"b":0.4901960790157318}},{"UUID":"1:16538","layoutMainAxisSizing":null,"layoutCrossAxisSizing":null,"name":"Background2","isVisible":false,"boundaryRectangle":null,"style":null,"prototypeNodeUUID":null,"child":null,"constraints":null,"description":"","pbdlType":"global_color","color":{"a":1.0,"r":0.9647058844566345,"g":0.9686274528503418,"b":0.9764705896377563}},{"UUID":"1:16537","layoutMainAxisSizing":null,"layoutCrossAxisSizing":null,"name":"Primary2","isVisible":false,"boundaryRectangle":null,"style":null,"prototypeNodeUUID":null,"child":null,"constraints":null,"description":"","pbdlType":"global_color","color":{"a":1.0,"r":0.37254902720451355,"g":0.3764705955982208,"b":0.7254902124404907}},{"UUID":"1:16534","layoutMainAxisSizing":null,"layoutCrossAxisSizing":null,"name":"White2","isVisible":false,"boundaryRectangle":null,"style":null,"prototypeNodeUUID":null,"child":null,"constraints":null,"description":"","pbdlType":"global_color","color":{"a":1.0,"r":1.0,"g":1.0,"b":1.0}},{"UUID":"1:16540","layoutMainAxisSizing":null,"layoutCrossAxisSizing":null,"name":"black2","isVisible":false,"boundaryRectangle":null,"style":null,"prototypeNodeUUID":null,"child":null,"constraints":null,"description":"","pbdlType":"global_color","color":{"a":1.0,"r":0.10980392247438431,"g":0.12156862765550613,"b":0.20392157137393951}},{"UUID":"1:16541","layoutMainAxisSizing":null,"layoutCrossAxisSizing":null,"name":"bg2","isVisible":false,"boundaryRectangle":null,"style":null,"prototypeNodeUUID":null,"child":null,"constraints":null,"description":"","pbdlType":"global_color","color":{"a":1.0,"r":0.42352941632270813,"g":0.4588235318660736,"b":0.4901960790157318}},{"UUID":"1:16539","layoutMainAxisSizing":null,"layoutCrossAxisSizing":null,"name":"Border4","isVisible":false,"boundaryRectangle":null,"style":null,"prototypeNodeUUID":null,"child":null,"constraints":null,"description":"","pbdlType":"global_color","color":{"a":1.0,"r":0.9215686321258545,"g":0.9215686321258545,"b":0.9215686321258545}}],"textStyles":[{"UUID":"1:7907","layoutMainAxisSizing":null,"layoutCrossAxisSizing":null,"name":"Metadata/03","isVisible":false,"boundaryRectangle":null,"style":null,"prototypeNodeUUID":null,"child":null,"constraints":null,"description":"","pbdlType":"global_text_style","textStyle":{"UUID":"","layoutMainAxisSizing":null,"layoutCrossAxisSizing":null,"name":"","isVisible":false,"boundaryRectangle":null,"style":null,"prototypeNodeUUID":"","child":null,"constraints":null,"fontFamily":"Mulish","fontPostScriptName":"Mulish-SemiBold","paragraphSpacing":0,"paragraphIndent":0,"listSpacing":0,"italics":null,"fontWeight":600,"fontSize":10.0,"textCase":"ORIGINAL","textDecoration":"NONE","textAutoResize":"WIDTH_AND_HEIGHT","textAlignHorizontal":"LEFT","textAlignVertical":"TOP","letterSpacing":0.0,"fills":null,"hyperLink":null,"opentypeFlags":{},"lineHeightPx":16.0,"lineHeightPercent":127.49004364013672,"lineHeightPercentFontSize":160.0,"lineHeightUnit":"PIXELS","pbdlType":"text_style"}}],"themeColors":[],"themeTextStyles":[]},"pbdlType":"project","azure_container_uri":"https://pbnestcore.blob.core.windows.net/oaaemvajdb9wwyytypjsav"}